{"stats":{"minecraft:killed":{"minecraft:sheep":3,"minecraft:pig":6,"minecraft:cow":2},"minecraft:crafted":{"minecraft:crafting_table":1,"minecraft:spruce_planks":20,"minecraft:stick":4,"minecraft:iron_pickaxe":1,"minecraft:iron_ingot":5,"minecraft:stone_pickaxe":1,"minecraft:furnace":1,"minecraft:air":0},"minecraft:mined":{"minecraft:tuff":38,"minecraft:diamond_ore":8,"minecraft:mossy_cobblestone":3,"minecraft:deepslate_diamond_ore":9,"minecraft:iron_ore":16,"minecraft:sweet_berry_bush":10,"minecraft:spruce_log":5,"minecraft:andesite":8,"minecraft:granite":7,"minecraft:grass_block":2,"minecraft:deepslate_iron_ore":5,"minecraft:gravel":1,"minecraft:dripstone_block":3,"minecraft:spruce_leaves":20,"minecraft:deepslate_gold_ore":5,"minecraft:stone":78,"minecraft:diorite":3,"minecraft:deepslate":37,"minecraft:fern":1},"minecraft:dropped":{"minecraft:stone_axe":1,"minecraft:mossy_cobblestone":2,"minecraft:oak_sapling":1,"minecraft:spruce_sapling":2,"minecraft:stick":1},"minecraft:custom":{"minecraft:time_since_rest":44356,"minecraft:interact_with_furnace":6,"minecraft:sprint_one_cm":127951,"minecraft:damage_taken":526,"minecraft:walk_one_cm":83805,"minecraft:mob_kills":12,"minecraft:drop":5,"minecraft:damage_dealt":1175,"minecraft:swim_one_cm":566,"minecraft:interact_with_crafting_table":3,"minecraft:fly_one_cm":189969,"minecraft:open_chest":6,"minecraft:crouch_one_cm":26312,"minecraft:play_time":44356,"minecraft:sneak_time":5276,"minecraft:walk_under_water_one_cm":378,"minecraft:jump":652,"minecraft:leave_game":2,"minecraft:time_since_death":44356,"minecraft:walk_on_water_one_cm":1537,"minecraft:total_world_time":44356,"minecraft:climb_one_cm":1070,"minecraft:fall_one_cm":18676},"minecraft:used":{"minecraft:apple":1,"minecraft:stone_pickaxe":9,"minecraft:iron_pickaxe":196,"minecraft:wooden_pickaxe":16,"minecraft:stone_axe":22,"minecraft:dirt":2,"minecraft:beef":7,"minecraft:sweet_berries":21,"minecraft:crafting_table":1,"minecraft:furnace":1,"minecraft:porkchop":3},"minecraft:picked_up":{"minecraft:stick":2,"minecraft:raw_iron":21,"minecraft:sweet_berries":21,"minecraft:andesite":8,"minecraft:leather":4,"minecraft:wooden_pickaxe":1,"minecraft:dripstone_block":3,"minecraft:gravel":1,"minecraft:porkchop":12,"minecraft:tuff":38,"minecraft:spruce_sapling":2,"minecraft:diorite":3,"minecraft:spruce_log":5,"minecraft:mossy_cobblestone":2,"minecraft:dirt":2,"minecraft:diamond":17,"minecraft:stone_axe":1,"minecraft:cobbled_deepslate":37,"minecraft:raw_gold":5,"minecraft:beef":7,"minecraft:granite":7,"minecraft:mutton":6,"minecraft:white_wool":3,"minecraft:cobblestone":76}},"DataVersion":3700}