{"stats":{"minecraft:killed":{"minecraft:pig":1,"minecraft:cow":2},"minecraft:killed_by":{"minecraft:creeper":1},"minecraft:crafted":{"minecraft:crafting_table":1,"minecraft:spruce_planks":104,"minecraft:wooden_pickaxe":1,"minecraft:cooked_chicken":10,"minecraft:air":0},"minecraft:mined":{"minecraft:sweet_berry_bush":1,"minecraft:spruce_log":32,"minecraft:grass_block":1,"minecraft:dirt":4,"minecraft:spruce_leaves":5,"minecraft:stone":19,"minecraft:diorite":4,"minecraft:fern":1},"minecraft:dropped":{"minecraft:stone_axe":1,"minecraft:wooden_pickaxe":1},"minecraft:custom":{"minecraft:time_since_rest":6468,"minecraft:interact_with_furnace":7,"minecraft:sprint_one_cm":54572,"minecraft:walk_one_cm":64789,"minecraft:damage_taken":618,"minecraft:mob_kills":3,"minecraft:drop":2,"minecraft:damage_dealt":611,"minecraft:interact_with_crafting_table":2,"minecraft:fly_one_cm":67861,"minecraft:player_kills":1,"minecraft:open_chest":4,"minecraft:crouch_one_cm":3086,"minecraft:play_time":27089,"minecraft:deaths":1,"minecraft:sneak_time":657,"minecraft:jump":257,"minecraft:leave_game":1,"minecraft:time_since_death":6441,"minecraft:walk_on_water_one_cm":182,"minecraft:climb_one_cm":1736,"minecraft:total_world_time":27089,"minecraft:fall_one_cm":12085},"minecraft:used":{"minecraft:wooden_pickaxe":25,"minecraft:cooked_chicken":5,"minecraft:stone_axe":44,"minecraft:dirt":5,"minecraft:crafting_table":1},"minecraft:picked_up":{"minecraft:wooden_axe":2,"minecraft:stick":20,"minecraft:crafting_table":1,"minecraft:wooden_pickaxe":3,"minecraft:porkchop":1,"minecraft:spruce_sapling":1,"minecraft:diorite":4,"minecraft:spruce_log":39,"minecraft:dirt":5,"minecraft:wooden_sword":1,"minecraft:stone_axe":2,"minecraft:spruce_planks":2,"minecraft:beef":1,"minecraft:wooden_shovel":1,"minecraft:oak_sapling":1,"minecraft:cobblestone":19}},"DataVersion":3700}