{"stats":{"minecraft:killed_by":{"minecraft:skeleton":1},"minecraft:broken":{"minecraft:stone_pickaxe":1,"minecraft:stone_axe":2,"minecraft:iron_pickaxe":1},"minecraft:picked_up":{"minecraft:crafting_table":15,"minecraft:iron_chestplate":4,"minecraft:chicken":2,"minecraft:wooden_pickaxe":1,"minecraft:shield":1,"minecraft:cornflower":1,"minecraft:string":4,"minecraft:iron_axe":1,"minecraft:diamond_leggings":1,"minecraft:cobbled_deepslate":104,"minecraft:spruce_planks":2,"minecraft:beef":18,"minecraft:rose_bush":4,"minecraft:iron_pickaxe":2,"minecraft:sugar_cane":11,"minecraft:egg":3,"minecraft:iron_boots":2,"minecraft:furnace":2,"minecraft:stick":27,"minecraft:raw_iron":55,"minecraft:oak_door":1,"minecraft:torch":16,"minecraft:spruce_stairs":2,"minecraft:spruce_fence":1,"minecraft:porkchop":44,"minecraft:diorite":9,"minecraft:diamond_chestplate":1,"minecraft:arrow":8,"minecraft:rotten_flesh":23,"minecraft:mutton":7,"minecraft:white_wool":7,"minecraft:cobblestone":160,"minecraft:feather":2,"minecraft:water_bucket":3,"minecraft:leather":9,"minecraft:flint":1,"minecraft:tuff":4,"minecraft:oak_log":75,"minecraft:dirt":107,"minecraft:bone":9,"minecraft:apple":1,"minecraft:wheat_seeds":36,"minecraft:raw_gold":30,"minecraft:stone_pickaxe":2,"minecraft:iron_ingot":1,"minecraft:cooked_chicken":7,"minecraft:diamond_helmet":2,"minecraft:iron_sword":1,"minecraft:oak_planks":71,"minecraft:cooked_porkchop":3,"minecraft:dandelion":5,"minecraft:gravel":40,"minecraft:spruce_log":8,"minecraft:diamond":50,"minecraft:stone_axe":2,"minecraft:granite":3,"minecraft:coal":128,"minecraft:oak_sapling":11,"minecraft:black_wool":1},"minecraft:custom":{"minecraft:mob_kills":73,"minecraft:interact_with_crafting_table":33,"minecraft:leave_game":2,"minecraft:time_since_death":55701,"minecraft:climb_one_cm":12224,"minecraft:sprint_one_cm":388677,"minecraft:walk_one_cm":305881,"minecraft:damage_blocked_by_shield":1743,"minecraft:drop":32,"minecraft:talked_to_villager":1,"minecraft:play_time":159728,"minecraft:deaths":3,"minecraft:sneak_time":10158,"minecraft:walk_under_water_one_cm":40083,"minecraft:jump":3789,"minecraft:walk_on_water_one_cm":53399,"minecraft:total_world_time":159728,"minecraft:interact_with_furnace":54,"minecraft:sleep_in_bed":1,"minecraft:time_since_rest":21860,"minecraft:damage_taken":2571,"minecraft:damage_dealt":10394,"minecraft:swim_one_cm":79025,"minecraft:fly_one_cm":752036,"minecraft:player_kills":1,"minecraft:open_chest":3,"minecraft:crouch_one_cm":26269,"minecraft:fall_one_cm":99633},"minecraft:dropped":{"minecraft:water_bucket":1,"minecraft:iron_sword":1,"minecraft:wheat_seeds":2,"minecraft:oak_log":64,"minecraft:crafting_table":1,"minecraft:iron_helmet":1,"minecraft:coal":64,"minecraft:cornflower":1,"minecraft:rose_bush":2,"minecraft:diamond_helmet":2,"minecraft:iron_leggings":1,"minecraft:iron_axe":1,"minecraft:white_wool":2,"minecraft:dandelion":2,"minecraft:gravel":10,"minecraft:furnace":1,"minecraft:cooked_chicken":2,"minecraft:cobbled_deepslate":19,"minecraft:oak_planks":1,"minecraft:iron_boots":3,"minecraft:shield":1,"minecraft:iron_chestplate":5},"minecraft:killed":{"minecraft:spider":5,"minecraft:skeleton":6,"minecraft:chicken":2,"minecraft:pig":25,"minecraft:sheep":6,"minecraft:zombie":17,"minecraft:cow":11,"minecraft:enderman":1},"minecraft:crafted":{"minecraft:oak_planks":44,"minecraft:cooked_chicken":4,"minecraft:furnace":4,"minecraft:diamond_helmet":2,"minecraft:diamond_leggings":1,"minecraft:iron_boots":1,"minecraft:stone_pickaxe":2,"minecraft:chest":1,"minecraft:cooked_beef":15,"minecraft:cooked_porkchop":16,"minecraft:crafting_table":2,"minecraft:spruce_planks":32,"minecraft:wooden_pickaxe":1,"minecraft:iron_helmet":1,"minecraft:bucket":1,"minecraft:stone_axe":3,"minecraft:air":0,"minecraft:iron_chestplate":1,"minecraft:shield":2,"minecraft:stick":28,"minecraft:iron_ingot":35,"minecraft:iron_pickaxe":2,"minecraft:iron_leggings":1,"minecraft:white_bed":1,"minecraft:torch":4,"minecraft:diamond_chestplate":1},"minecraft:used":{"minecraft:rose_bush":2,"minecraft:spruce_planks":2,"minecraft:chest":1,"minecraft:shield":51,"minecraft:cooked_chicken":2,"minecraft:rotten_flesh":16,"minecraft:oak_door":1,"minecraft:torch":17,"minecraft:dirt":44,"minecraft:spruce_fence":1,"minecraft:granite":3,"minecraft:lava_bucket":17,"minecraft:iron_axe":7,"minecraft:furnace":5,"minecraft:oak_sapling":6,"minecraft:egg":3,"minecraft:cooked_beef":9,"minecraft:cobbled_deepslate":30,"minecraft:water_bucket":74,"minecraft:diorite":2,"minecraft:stone_pickaxe":141,"minecraft:oak_planks":14,"minecraft:wooden_pickaxe":24,"minecraft:crafting_table":13,"minecraft:white_bed":1,"minecraft:apple":1,"minecraft:chicken":2,"minecraft:iron_pickaxe":295,"minecraft:gravel":30,"minecraft:stone_axe":294,"minecraft:cobblestone":94,"minecraft:cooked_porkchop":16,"minecraft:porkchop":1,"minecraft:bucket":92,"minecraft:diamond_leggings":1},"minecraft:mined":{"minecraft:tuff":2,"minecraft:spruce_planks":2,"minecraft:deepslate_diamond_ore":26,"minecraft:granite":3,"minecraft:grass_block":24,"minecraft:spruce_leaves":6,"minecraft:furnace":2,"minecraft:fire":3,"minecraft:iron_ore":40,"minecraft:cobbled_deepslate":2,"minecraft:deepslate_iron_ore":14,"minecraft:stone":146,"minecraft:dandelion":2,"minecraft:cornflower":1,"minecraft:crafting_table":12,"minecraft:torch":7,"minecraft:short_grass":294,"minecraft:tall_grass":110,"minecraft:cobblestone":1,"minecraft:deepslate_gold_ore":10,"minecraft:sugar_cane":4,"minecraft:oak_planks":5,"minecraft:diorite":10,"minecraft:wall_torch":7,"minecraft:spruce_log":8,"minecraft:oak_log":75,"minecraft:coal_ore":124,"minecraft:gravel":42,"minecraft:dirt":28,"minecraft:oak_leaves":6,"minecraft:deepslate":45}},"DataVersion":3700}