{"stats":{"minecraft:killed_by":{"minecraft:player":1,"minecraft:creeper":1,"minecraft:skeleton":2},"minecraft:broken":{"minecraft:stone_pickaxe":1,"minecraft:stone_axe":5,"minecraft:stone_shovel":3},"minecraft:picked_up":{"minecraft:iron_chestplate":2,"minecraft:crafting_table":7,"minecraft:azure_bluet":3,"minecraft:ladder":1,"minecraft:chicken":5,"minecraft:brown_mushroom":5,"minecraft:lead":4,"minecraft:wooden_pickaxe":1,"minecraft:oak_stairs":101,"minecraft:string":32,"minecraft:red_bed":1,"minecraft:raw_copper":40,"minecraft:iron_leggings":2,"minecraft:pufferfish":1,"minecraft:bucket":1,"minecraft:spruce_planks":131,"minecraft:beef":42,"minecraft:rose_bush":87,"minecraft:wooden_shovel":1,"minecraft:poppy":3,"minecraft:chest":1,"minecraft:egg":9,"minecraft:iron_boots":2,"minecraft:furnace":5,"minecraft:raw_iron":24,"minecraft:stick":24,"minecraft:oak_door":3,"minecraft:torch":45,"minecraft:spruce_stairs":294,"minecraft:spruce_fence":9,"minecraft:porkchop":5,"minecraft:diorite":2,"minecraft:carrot":2,"minecraft:stone_sword":3,"minecraft:arrow":17,"minecraft:rotten_flesh":29,"minecraft:stone_shovel":4,"minecraft:glistering_melon_slice":12,"minecraft:mutton":17,"minecraft:cod":6,"minecraft:snowball":68,"minecraft:white_wool":9,"minecraft:cobblestone":123,"minecraft:oxeye_daisy":1,"minecraft:feather":5,"minecraft:cooked_beef":12,"minecraft:salmon":17,"minecraft:leather":21,"minecraft:oak_log":78,"minecraft:gunpowder":2,"minecraft:dirt":523,"minecraft:glass":8,"minecraft:bone":20,"minecraft:wheat_seeds":85,"minecraft:iron_ingot":17,"minecraft:stone_pickaxe":5,"minecraft:diamond_helmet":1,"minecraft:oak_planks":126,"minecraft:cooked_porkchop":50,"minecraft:sweet_berries":122,"minecraft:dandelion":17,"minecraft:gravel":4,"minecraft:sand":82,"minecraft:stripped_spruce_log":1,"minecraft:spruce_sapling":34,"minecraft:white_bed":1,"minecraft:spruce_log":304,"minecraft:spider_eye":1,"minecraft:stone_axe":4,"minecraft:spruce_boat":5,"minecraft:iron_helmet":2,"minecraft:oak_sapling":4,"minecraft:coal":222},"minecraft:custom":{"minecraft:mob_kills":83,"minecraft:interact_with_crafting_table":54,"minecraft:leave_game":3,"minecraft:time_since_death":148383,"minecraft:climb_one_cm":16208,"minecraft:sprint_one_cm":906410,"minecraft:walk_one_cm":722347,"minecraft:drop":104,"minecraft:talked_to_villager":1,"minecraft:play_time":243156,"minecraft:deaths":5,"minecraft:sneak_time":14494,"minecraft:walk_under_water_one_cm":23307,"minecraft:boat_one_cm":124606,"minecraft:jump":4546,"minecraft:walk_on_water_one_cm":45604,"minecraft:total_world_time":243156,"minecraft:interact_with_furnace":25,"minecraft:sleep_in_bed":5,"minecraft:time_since_rest":44682,"minecraft:damage_taken":3040,"minecraft:damage_dealt":12006,"minecraft:swim_one_cm":203319,"minecraft:fly_one_cm":971219,"minecraft:player_kills":2,"minecraft:open_chest":19,"minecraft:crouch_one_cm":62914,"minecraft:fish_caught":12,"minecraft:fall_one_cm":115647},"minecraft:dropped":{"minecraft:spruce_stairs":58,"minecraft:coal":64,"minecraft:pufferfish":1,"minecraft:stick":20,"minecraft:dirt":5,"minecraft:red_bed":1,"minecraft:red_dye":1,"minecraft:spruce_sapling":8,"minecraft:dandelion":2,"minecraft:bone":1,"minecraft:sweet_berries":1,"minecraft:rotten_flesh":19,"minecraft:spruce_fence":8,"minecraft:spruce_planks":141,"minecraft:oak_sapling":4,"minecraft:wooden_shovel":1,"minecraft:ladder":12,"minecraft:wooden_pickaxe":1},"minecraft:killed":{"minecraft:spider":15,"minecraft:skeleton":8,"minecraft:chicken":4,"minecraft:pig":2,"minecraft:salmon":12,"minecraft:wandering_trader":1,"minecraft:creeper":1,"minecraft:sheep":6,"minecraft:zombie":30,"minecraft:cow":3},"minecraft:used":{"minecraft:rose_bush":50,"minecraft:stone_sword":165,"minecraft:stone_shovel":404,"minecraft:poppy":1,"minecraft:ladder":16,"minecraft:spruce_planks":43,"minecraft:chest":1,"minecraft:wooden_shovel":1,"minecraft:stone_hoe":67,"minecraft:oak_door":2,"minecraft:torch":127,"minecraft:dirt":351,"minecraft:spruce_stairs":230,"minecraft:carrot":1,"minecraft:salmon_bucket":8,"minecraft:snowball":8,"minecraft:spruce_fence":37,"minecraft:azure_bluet":1,"minecraft:spruce_boat":6,"minecraft:glass":58,"minecraft:oak_stairs":31,"minecraft:bow":4,"minecraft:sweet_berries":112,"minecraft:furnace":4,"minecraft:cooked_beef":12,"minecraft:wheat_seeds":46,"minecraft:water_bucket":41,"minecraft:stone_pickaxe":153,"minecraft:oak_planks":237,"minecraft:wooden_pickaxe":6,"minecraft:salmon":7,"minecraft:crafting_table":7,"minecraft:red_bed":3,"minecraft:spruce_log":107,"minecraft:oxeye_daisy":1,"minecraft:string":1,"minecraft:spruce_sapling":6,"minecraft:stone_axe":617,"minecraft:fishing_rod":41,"minecraft:cooked_porkchop":22,"minecraft:bucket":50,"minecraft:dandelion":5,"minecraft:bone_meal":9},"minecraft:crafted":{"minecraft:oak_door":3,"minecraft:oak_planks":292,"minecraft:stone_shovel":3,"minecraft:fishing_rod":1,"minecraft:bone_meal":9,"minecraft:spruce_fence":36,"minecraft:cooked_mutton":13,"minecraft:glass":66,"minecraft:spruce_stairs":150,"minecraft:bow":1,"minecraft:ladder":27,"minecraft:stone_pickaxe":2,"minecraft:spruce_boat":1,"minecraft:stone_hoe":1,"minecraft:cooked_beef":12,"minecraft:red_dye":6,"minecraft:cooked_cod":6,"minecraft:cooked_porkchop":14,"minecraft:crafting_table":3,"minecraft:spruce_planks":568,"minecraft:wooden_pickaxe":1,"minecraft:red_bed":3,"minecraft:cooked_salmon":5,"minecraft:stone_axe":6,"minecraft:air":0,"minecraft:white_wool":1,"minecraft:stick":180,"minecraft:oak_stairs":44,"minecraft:stone_sword":2,"minecraft:snow_block":15,"minecraft:white_bed":2,"minecraft:torch":212},"minecraft:mined":{"minecraft:spruce_planks":9,"minecraft:white_bed":1,"minecraft:oak_door":1,"minecraft:grass_block":127,"minecraft:spruce_fence":13,"minecraft:spruce_leaves":108,"minecraft:oxeye_daisy":1,"minecraft:large_fern":59,"minecraft:tall_seagrass":14,"minecraft:furnace":5,"minecraft:iron_ore":23,"minecraft:stripped_spruce_log":1,"minecraft:azure_bluet":1,"minecraft:oak_stairs":19,"minecraft:packed_ice":17,"minecraft:stone":41,"minecraft:tripwire":1,"minecraft:brown_mushroom":5,"minecraft:red_bed":1,"minecraft:kelp_plant":1,"minecraft:snow_block":19,"minecraft:dandelion":5,"minecraft:crafting_table":3,"minecraft:torch":13,"minecraft:short_grass":133,"minecraft:poppy":1,"minecraft:chest":1,"minecraft:rose_bush":55,"minecraft:copper_ore":12,"minecraft:glass":7,"minecraft:tall_grass":14,"minecraft:oak_planks":81,"minecraft:wall_torch":3,"minecraft:spruce_stairs":141,"minecraft:seagrass":12,"minecraft:wheat":21,"minecraft:sweet_berry_bush":31,"minecraft:spruce_log":251,"minecraft:oak_log":9,"minecraft:coal_ore":36,"minecraft:gravel":4,"minecraft:sand":70,"minecraft:dirt":84,"minecraft:oak_leaves":7,"minecraft:fern":53}},"DataVersion":3700}