{"stats":{"minecraft:killed":{"minecraft:sheep":1,"minecraft:zombie":1},"minecraft:killed_by":{"minecraft:player":1},"minecraft:crafted":{"minecraft:wooden_sword":1,"minecraft:oak_planks":82,"minecraft:wooden_shovel":1,"minecraft:crafting_table":4,"minecraft:spruce_planks":56,"minecraft:wooden_pickaxe":2,"minecraft:oak_wood":3,"minecraft:birch_planks":20,"minecraft:stone_axe":1,"minecraft:stick":36,"minecraft:stone_pickaxe":3,"minecraft:wooden_axe":1,"minecraft:stone_hoe":1},"minecraft:mined":{"minecraft:podzol":1,"minecraft:spruce_planks":15,"minecraft:oak_fence":2,"minecraft:crafting_table":1,"minecraft:granite":3,"minecraft:short_grass":3,"minecraft:grass_block":7,"minecraft:rose_bush":1,"minecraft:copper_ore":2,"minecraft:oak_planks":7,"minecraft:diorite":25,"minecraft:wall_torch":4,"minecraft:large_fern":2,"minecraft:carrots":1,"minecraft:birch_log":5,"minecraft:wheat":10,"minecraft:spruce_log":14,"minecraft:andesite":5,"minecraft:birch_leaves":2,"minecraft:oak_log":22,"minecraft:gravel":16,"minecraft:sand":5,"minecraft:dirt":31,"minecraft:stone":203,"minecraft:oak_leaves":8},"minecraft:broken":{"minecraft:stone_pickaxe":1},"minecraft:dropped":{"minecraft:wooden_sword":1,"minecraft:stone_pickaxe":1},"minecraft:custom":{"minecraft:mob_kills":2,"minecraft:interact_with_crafting_table":8,"minecraft:leave_game":1,"minecraft:time_since_death":45943,"minecraft:climb_one_cm":640,"minecraft:time_since_rest":45978,"minecraft:sprint_one_cm":15680,"minecraft:damage_taken":510,"minecraft:walk_one_cm":100788,"minecraft:drop":2,"minecraft:damage_dealt":472,"minecraft:fly_one_cm":23491,"minecraft:open_chest":3,"minecraft:crouch_one_cm":261,"minecraft:play_time":51039,"minecraft:deaths":1,"minecraft:sneak_time":120,"minecraft:walk_under_water_one_cm":2849,"minecraft:jump":396,"minecraft:walk_on_water_one_cm":10410,"minecraft:total_world_time":51039,"minecraft:fall_one_cm":5477},"minecraft:used":{"minecraft:wheat_seeds":13,"minecraft:oak_fence":2,"minecraft:stone_pickaxe":245,"minecraft:oak_planks":86,"minecraft:spruce_planks":90,"minecraft:wooden_pickaxe":25,"minecraft:stone_hoe":9,"minecraft:cooked_chicken":2,"minecraft:torch":6,"minecraft:dirt":12,"minecraft:sand":6,"minecraft:mutton":2,"minecraft:crafting_table":5,"minecraft:carrot":2,"minecraft:wooden_axe":7,"minecraft:stone_axe":68,"minecraft:wooden_sword":24},"minecraft:picked_up":{"minecraft:birch_log":5,"minecraft:crafting_table":2,"minecraft:wheat":3,"minecraft:andesite":5,"minecraft:flint":3,"minecraft:oak_log":22,"minecraft:dirt":46,"minecraft:raw_copper":6,"minecraft:wooden_sword":2,"minecraft:wheat_seeds":24,"minecraft:spruce_planks":113,"minecraft:stone_pickaxe":1,"minecraft:cooked_chicken":5,"minecraft:rose_bush":1,"minecraft:birch_sapling":1,"minecraft:oak_planks":7,"minecraft:stick":2,"minecraft:oak_fence":2,"minecraft:torch":4,"minecraft:gravel":13,"minecraft:sand":13,"minecraft:diorite":25,"minecraft:carrot":4,"minecraft:spruce_log":21,"minecraft:stone_axe":1,"minecraft:granite":3,"minecraft:oak_sapling":1,"minecraft:mutton":2,"minecraft:white_wool":1,"minecraft:cobblestone":203}},"DataVersion":3700}