{"stats":{"minecraft:killed_by":{"minecraft:player":3,"minecraft:enderman":1},"minecraft:broken":{"minecraft:iron_shovel":1,"minecraft:shears":1,"minecraft:iron_axe":2,"minecraft:stone_axe":1,"minecraft:stone_shovel":4},"minecraft:picked_up":{"minecraft:spruce_leaves":227,"minecraft:crafting_table":8,"minecraft:iron_chestplate":5,"minecraft:ladder":1,"minecraft:chicken":18,"minecraft:lead":4,"minecraft:oak_stairs":4,"minecraft:oak_trapdoor":1,"minecraft:red_bed":2,"minecraft:string":9,"minecraft:iron_axe":4,"minecraft:cobbled_deepslate":54,"minecraft:spruce_planks":238,"minecraft:beef":1,"minecraft:oak_boat":3,"minecraft:rose_bush":16,"minecraft:wooden_shovel":2,"minecraft:iron_pickaxe":1,"minecraft:spruce_slab":31,"minecraft:sugar_cane":28,"minecraft:birch_sapling":1,"minecraft:egg":1,"minecraft:iron_boots":5,"minecraft:furnace":4,"minecraft:stick":133,"minecraft:raw_iron":34,"minecraft:oak_fence":23,"minecraft:torch":23,"minecraft:spruce_stairs":86,"minecraft:porkchop":11,"minecraft:diorite":103,"minecraft:arrow":5,"minecraft:rotten_flesh":15,"minecraft:mutton":11,"minecraft:white_wool":27,"minecraft:cobblestone":104,"minecraft:birch_log":171,"minecraft:feather":15,"minecraft:cooked_beef":9,"minecraft:salmon":1,"minecraft:leather":20,"minecraft:birch_planks":35,"minecraft:flint":2,"minecraft:oak_log":148,"minecraft:gunpowder":4,"minecraft:dirt":945,"minecraft:cooked_mutton":11,"minecraft:bone":5,"minecraft:apple":6,"minecraft:bow":1,"minecraft:wheat_seeds":25,"minecraft:stone_pickaxe":1,"minecraft:cooked_chicken":2,"minecraft:iron_sword":5,"minecraft:oak_planks":66,"minecraft:oak_slab":16,"minecraft:cooked_porkchop":24,"minecraft:sweet_berries":1,"minecraft:dandelion":1,"minecraft:gravel":6,"minecraft:sand":50,"minecraft:spruce_sapling":12,"minecraft:spruce_log":223,"minecraft:spider_eye":1,"minecraft:spruce_door":3,"minecraft:oak_sapling":27,"minecraft:coal":169},"minecraft:custom":{"minecraft:mob_kills":66,"minecraft:interact_with_crafting_table":64,"minecraft:leave_game":1,"minecraft:time_since_death":161544,"minecraft:climb_one_cm":3155,"minecraft:sprint_one_cm":684129,"minecraft:walk_one_cm":629884,"minecraft:drop":33,"minecraft:play_time":198782,"minecraft:deaths":5,"minecraft:sneak_time":15210,"minecraft:walk_under_water_one_cm":4921,"minecraft:boat_one_cm":16121,"minecraft:jump":2926,"minecraft:walk_on_water_one_cm":19771,"minecraft:total_world_time":198782,"minecraft:interact_with_furnace":24,"minecraft:sleep_in_bed":3,"minecraft:time_since_rest":84713,"minecraft:damage_taken":2386,"minecraft:damage_dealt":7348,"minecraft:player_kills":1,"minecraft:fly_one_cm":840158,"minecraft:swim_one_cm":35700,"minecraft:open_chest":76,"minecraft:crouch_one_cm":50927,"minecraft:fall_one_cm":66842},"minecraft:dropped":{"minecraft:wheat_seeds":2,"minecraft:feather":15,"minecraft:leather":6,"minecraft:dirt":14,"minecraft:rose_bush":1,"minecraft:glistering_melon_slice":12,"minecraft:string":8,"minecraft:bucket":1,"minecraft:white_wool":8,"minecraft:spruce_sapling":5,"minecraft:bone":1,"minecraft:sugar_cane":14,"minecraft:birch_sapling":1,"minecraft:raw_iron":2,"minecraft:rotten_flesh":11,"minecraft:gunpowder":2,"minecraft:spruce_planks":27,"minecraft:oak_boat":1,"minecraft:oak_sapling":19,"minecraft:wooden_shovel":1},"minecraft:killed":{"minecraft:spider":3,"minecraft:skeleton":3,"minecraft:chicken":14,"minecraft:pig":14,"minecraft:salmon":1,"minecraft:wandering_trader":1,"minecraft:creeper":3,"minecraft:sheep":9,"minecraft:trader_llama":2,"minecraft:zombie":10,"minecraft:cow":5},"minecraft:crafted":{"minecraft:oak_door":3,"minecraft:oak_planks":560,"minecraft:stone_shovel":7,"minecraft:spruce_button":4,"minecraft:furnace":6,"minecraft:spruce_pressure_plate":2,"minecraft:oak_trapdoor":2,"minecraft:glass":50,"minecraft:spruce_stairs":212,"minecraft:iron_boots":1,"minecraft:iron_axe":2,"minecraft:ladder":12,"minecraft:spruce_slab":216,"minecraft:stone_pickaxe":1,"minecraft:chest":4,"minecraft:oak_fence":144,"minecraft:oak_slab":150,"minecraft:wooden_shovel":1,"minecraft:crafting_table":4,"minecraft:spruce_planks":872,"minecraft:wooden_pickaxe":1,"minecraft:iron_helmet":1,"minecraft:iron_sword":1,"minecraft:spruce_door":6,"minecraft:bucket":1,"minecraft:birch_planks":588,"minecraft:stone_axe":6,"minecraft:air":0,"minecraft:oak_fence_gate":4,"minecraft:oak_boat":1,"minecraft:wooden_hoe":1,"minecraft:iron_chestplate":1,"minecraft:stick":292,"minecraft:iron_ingot":17,"minecraft:iron_pickaxe":1,"minecraft:iron_shovel":1,"minecraft:white_bed":1,"minecraft:torch":120,"minecraft:shears":1},"minecraft:used":{"minecraft:oak_trapdoor":2,"minecraft:oak_fence":165,"minecraft:rose_bush":15,"minecraft:iron_shovel":254,"minecraft:flint_and_steel":38,"minecraft:spruce_slab":246,"minecraft:stone_shovel":604,"minecraft:ladder":8,"minecraft:spruce_planks":598,"minecraft:chest":4,"minecraft:iron_sword":187,"minecraft:wooden_shovel":54,"minecraft:cooked_chicken":2,"minecraft:iron_chestplate":6,"minecraft:oak_door":2,"minecraft:spruce_leaves":100,"minecraft:torch":72,"minecraft:dirt":268,"minecraft:spruce_stairs":280,"minecraft:oak_fence_gate":4,"minecraft:glass":43,"minecraft:lava_bucket":2,"minecraft:iron_axe":483,"minecraft:oak_stairs":3,"minecraft:spruce_button":4,"minecraft:iron_boots":6,"minecraft:bow":1,"minecraft:beef":1,"minecraft:sweet_berries":1,"minecraft:furnace":9,"minecraft:egg":1,"minecraft:cooked_beef":5,"minecraft:cobbled_deepslate":3,"minecraft:wheat_seeds":18,"minecraft:cooked_mutton":3,"minecraft:water_bucket":2,"minecraft:diorite":16,"minecraft:spruce_door":5,"minecraft:birch_planks":583,"minecraft:stone_pickaxe":107,"minecraft:oak_planks":95,"minecraft:wooden_pickaxe":28,"minecraft:white_wool":2,"minecraft:oak_slab":166,"minecraft:crafting_table":10,"minecraft:red_bed":1,"minecraft:white_bed":1,"minecraft:shears":238,"minecraft:spruce_log":5,"minecraft:oak_log":8,"minecraft:wooden_hoe":19,"minecraft:apple":4,"minecraft:chicken":5,"minecraft:iron_pickaxe":175,"minecraft:spruce_pressure_plate":2,"minecraft:stone_axe":399,"minecraft:cobblestone":13,"minecraft:cooked_porkchop":13,"minecraft:bucket":4,"minecraft:oak_boat":1,"minecraft:dandelion":1},"minecraft:mined":{"minecraft:spruce_planks":71,"minecraft:farmland":1,"minecraft:glow_lichen":2,"minecraft:ladder":1,"minecraft:grass_block":577,"minecraft:spruce_leaves":284,"minecraft:large_fern":46,"minecraft:oak_trapdoor":1,"minecraft:furnace":3,"minecraft:iron_ore":17,"minecraft:fire":37,"minecraft:oak_stairs":2,"minecraft:stone":105,"minecraft:white_wool":2,"minecraft:spruce_slab":22,"minecraft:oak_slab":14,"minecraft:red_bed":1,"minecraft:spruce_door":1,"minecraft:oak_fence":23,"minecraft:crafting_table":5,"minecraft:torch":16,"minecraft:short_grass":128,"minecraft:rose_bush":16,"minecraft:glass":1,"minecraft:tall_grass":10,"minecraft:oak_planks":18,"minecraft:sugar_cane":14,"minecraft:diorite":103,"minecraft:wall_torch":9,"minecraft:seagrass":2,"minecraft:spruce_stairs":25,"minecraft:birch_planks":35,"minecraft:birch_log":147,"minecraft:wheat":1,"minecraft:spruce_log":232,"minecraft:birch_leaves":8,"minecraft:oak_log":149,"minecraft:coal_ore":24,"minecraft:gravel":8,"minecraft:sand":51,"minecraft:dirt":356,"minecraft:oak_leaves":46,"minecraft:fern":92}},"DataVersion":3700}