{"stats":{"minecraft:killed":{"minecraft:sheep":10,"minecraft:pig":1,"minecraft:chicken":5,"minecraft:cow":1},"minecraft:crafted":{"minecraft:oak_planks":60,"minecraft:stick":8,"minecraft:wooden_pickaxe":1,"minecraft:iron_ingot":8,"minecraft:iron_pickaxe":1,"minecraft:stone_pickaxe":1,"minecraft:stone_axe":1,"minecraft:air":0},"minecraft:mined":{"minecraft:diamond_ore":4,"minecraft:deepslate_diamond_ore":8,"minecraft:iron_ore":18,"minecraft:andesite":3,"minecraft:dandelion":1,"minecraft:granite":11,"minecraft:short_grass":4,"minecraft:coal_ore":18,"minecraft:grass_block":2,"minecraft:oak_log":15,"minecraft:deepslate_iron_ore":6,"minecraft:gravel":5,"minecraft:dirt":10,"minecraft:copper_ore":1,"minecraft:stone":110,"minecraft:deepslate":18,"minecraft:diorite":7},"minecraft:custom":{"minecraft:time_since_rest":20285,"minecraft:interact_with_furnace":5,"minecraft:sprint_one_cm":41359,"minecraft:damage_taken":470,"minecraft:walk_one_cm":64742,"minecraft:mob_kills":17,"minecraft:damage_dealt":1200,"minecraft:interact_with_crafting_table":7,"minecraft:fly_one_cm":126710,"minecraft:crouch_one_cm":5797,"minecraft:play_time":20285,"minecraft:sneak_time":653,"minecraft:jump":282,"minecraft:leave_game":2,"minecraft:time_since_death":20285,"minecraft:total_world_time":20285,"minecraft:fall_one_cm":14206},"minecraft:used":{"minecraft:chicken":2,"minecraft:stone_pickaxe":21,"minecraft:iron_pickaxe":196,"minecraft:wooden_pickaxe":5,"minecraft:stone_axe":30,"minecraft:dirt":2,"minecraft:mutton":17,"minecraft:beef":1},"minecraft:picked_up":{"minecraft:raw_iron":24,"minecraft:feather":8,"minecraft:chicken":5,"minecraft:andesite":3,"minecraft:leather":1,"minecraft:dandelion":1,"minecraft:gravel":4,"minecraft:porkchop":2,"minecraft:flint":1,"minecraft:oak_log":15,"minecraft:diorite":7,"minecraft:dirt":11,"minecraft:raw_copper":5,"minecraft:diamond":12,"minecraft:wheat_seeds":1,"minecraft:cobbled_deepslate":18,"minecraft:granite":11,"minecraft:beef":1,"minecraft:black_wool":2,"minecraft:coal":18,"minecraft:mutton":19,"minecraft:white_wool":8,"minecraft:cobblestone":111,"minecraft:egg":6}},"DataVersion":3700}